{
    "name" : "S[COLORblue]4[/COLOR]Me nuova ricerca globale",
    "plugin" : "plugin.video.s4me",
    "priority" : 100,
    "is_resolvable": "false",
    "play_movie" : "plugin://plugin.video.s4me/?eyJhY3Rpb24iOiJTZWFyY2giLCJjaGFubmVsIjoiZ2xvYmFsc2VhcmNoIiwibW9kZSI6Im1vdmllIiwidHlwZSI6Im1vdmllIn0=&text={clearname_url}",
    "play_episode": "plugin://plugin.video.s4me/?eyJhY3Rpb24iOiJTZWFyY2giLCJjaGFubmVsIjoiZ2xvYmFsc2VhcmNoIiwibW9kZSI6InR2c2hvdyIsInR5cGUiOiJ0dnNob3cifQ==&text={clearname_url}"
}
